<!DOCTYPE mapper
    PUBLIC "-//mybatis.org//DTD Mapper 3.0//EN"
    "https://mybatis.org/dtd/mybatis-3-mapper.dtd">


<mapper namespace="com.lgy.ShoFriend.dao.InfoDAO">

    <update id="updatePwd">
	    UPDATE customer
	    SET password = #{new_pwd}
	    WHERE id = #{id}
	</update>
	
    <update id="updateInfo">
		UPDATE customer
		SET ${field} = #{value}
		WHERE id = #{id}
	</update>
	
    <update id="updatePwd2">
	    UPDATE seller
	    SET password = #{new_pwd}
	    WHERE id = #{id}
	</update>
	
    <update id="updateInfo2">
		UPDATE seller
		SET ${field} = #{value}
		WHERE id = #{id}
	</update>
	
</mapper>