<!DOCTYPE mapper
    PUBLIC "-//mybatis.org//DTD Mapper 3.0//EN"
    "https://mybatis.org/dtd/mybatis-3-mapper.dtd">


<mapper namespace="com.lgy.ShoFriend.dao.ProductDAO">

	<select id="getAllProducts" resultType="com.lgy.ShoFriend.dto.ProductDTO">
	    SELECT * FROM product
	</select>
	
	<select id="getProductListTop10" resultType="com.lgy.ShoFriend.dto.ProductDTO">
		SELECT * FROM product LIMIT 10
	</select>	
	
	<insert id="insertOrder">
		INSERT INTO orders (product_id,customer_id,friend_id,total_price,created_at,status,posted) 
		VALUES (#{product_id},#{customer_id},NULL,#{total_price},NOW(),'pending',0)
	</insert>
	
	<select id="getPriceByProductId" resultType="int">
		SELECT price FROM product WHERE id = #{productId}
	</select>	
	
</mapper>